[{"titulo":"Desde Arequipa","resumen":"Magistrada suprema se\u00f1ala que\nla instituci\u00f3n a su cargo no se niega que haya normas para mejorar el sistema\nde justicia.","imagen":"https:\/\/www.pj.gob.pe\/wps\/wcm\/connect\/ac351380450111b5af68efe5406a4592\/AREQUIPA+%288%29+%5B640x480%5D.JPG?MOD=AJPERES&CACHEID=ac351380450111b5af68efe5406a4592","enlace":"https:\/\/www.pj.gob.pe\/wps\/wcm\/connect\/cortesuprema\/s_cortes_suprema_home\/as_inicio\/as_enlaces_destacados\/as_imagen_prensa\/as_notas_noticias\/2025\/cs_n-janet-tello-gilardi-politicas-medidas-poder-judicial-adopta-estan-en-la-linea-de-la-autorreforma"},{"titulo":"Hito trascendental en la modernizaci\u00f3n de la justicia","resumen":"Janet Tello Gilardi reitera que esta instituci\u00f3n no\nnecesita de reformas externas para reformarse.","imagen":"https:\/\/www.pj.gob.pe\/wps\/wcm\/connect\/79c1458045004d0d91a5d9e5406a4592\/EJE+%2813%29+%5B640x480%5D.jpg?MOD=AJPERES&CACHEID=79c1458045004d0d91a5d9e5406a4592","enlace":"https:\/\/www.pj.gob.pe\/wps\/wcm\/connect\/cortesuprema\/s_cortes_suprema_home\/as_inicio\/as_enlaces_destacados\/as_imagen_prensa\/as_notas_noticias\/2025\/cs_n-poder-judicial-impulsa-interoperabilidad-con-tc-agilizar-amparos-proteger-derechos-corte-de-arequipa"},{"titulo":"Por amplia\nmayor\u00eda","resumen":"Sala Plena de la Suprema, presidida por\nJanet Tello Gilardi, present\u00f3 esta iniciativa legislativa.","imagen":"https:\/\/www.pj.gob.pe\/wps\/wcm\/connect\/f477c70044fe4d188488cce5406a4592\/Palacio_De_Justicia%2C_Lima%2C_Peru+%5B640x480%5D.jpg?MOD=AJPERES&CACHEID=f477c70044fe4d188488cce5406a4592","enlace":"https:\/\/www.pj.gob.pe\/wps\/wcm\/connect\/cortesuprema\/s_cortes_suprema_home\/as_inicio\/as_enlaces_destacados\/as_imagen_prensa\/as_notas_noticias\/2025\/cs_n-poder-judicial-saluda-comision-de-presupuesto-del-congreso-haya-aprobado-incorporacion-trabajadores-cas-regimen-728"}]